/*
Navicat MySQL Data Transfer

Source Server         : aa
Source Server Version : 50726
Source Host           : localhost:3306
Source Database       : money

Target Server Type    : MYSQL
Target Server Version : 50726
File Encoding         : 65001

Date: 2019-11-03 22:06:50
*/

SET FOREIGN_KEY_CHECKS=0;

-- ----------------------------
-- Table structure for `announce`
-- ----------------------------
DROP TABLE IF EXISTS `announce`;
CREATE TABLE `announce` (
  `announce_id` int(255) NOT NULL AUTO_INCREMENT,
  `theme` varchar(255) NOT NULL,
  `content` text NOT NULL,
  `time` datetime NOT NULL,
  `user_id` varchar(255) NOT NULL,
  `is_post` int(11) NOT NULL DEFAULT '1',
  `enclosure` varchar(255) DEFAULT NULL,
  PRIMARY KEY (`announce_id`)
) ENGINE=InnoDB AUTO_INCREMENT=2 DEFAULT CHARSET=utf8;

-- ----------------------------
-- Records of announce
-- ----------------------------
INSERT INTO `announce` VALUES ('1', '奖学金网站发布成功啦', '<p>！！！！！！！！！！！！！！！！！！！！！！！</p>', '2019-11-03 13:39:31', 'admin', '1', null);

-- ----------------------------
-- Table structure for `class`
-- ----------------------------
DROP TABLE IF EXISTS `class`;
CREATE TABLE `class` (
  `class_id` int(128) NOT NULL AUTO_INCREMENT,
  `class_name` varchar(255) NOT NULL,
  `dept_id` int(128) NOT NULL,
  PRIMARY KEY (`class_id`)
) ENGINE=InnoDB AUTO_INCREMENT=1185 DEFAULT CHARSET=utf8;

-- ----------------------------
-- Records of class
-- ----------------------------
INSERT INTO `class` VALUES ('1', '161', '3');
INSERT INTO `class` VALUES ('2', '162', '3');
INSERT INTO `class` VALUES ('3', '163', '3');
INSERT INTO `class` VALUES ('4', '164', '3');
INSERT INTO `class` VALUES ('5', '171', '3');
INSERT INTO `class` VALUES ('6', '172', '3');
INSERT INTO `class` VALUES ('7', '173', '3');
INSERT INTO `class` VALUES ('8', '174', '3');
INSERT INTO `class` VALUES ('9', '181', '3');
INSERT INTO `class` VALUES ('10', '182', '3');
INSERT INTO `class` VALUES ('11', '183', '3');
INSERT INTO `class` VALUES ('12', '184', '3');
INSERT INTO `class` VALUES ('13', '191', '3');
INSERT INTO `class` VALUES ('14', '192', '3');
INSERT INTO `class` VALUES ('15', '193', '3');
INSERT INTO `class` VALUES ('16', '194', '3');
INSERT INTO `class` VALUES ('17', '161', '4');
INSERT INTO `class` VALUES ('18', '162', '4');
INSERT INTO `class` VALUES ('19', '163', '4');
INSERT INTO `class` VALUES ('20', '164', '4');
INSERT INTO `class` VALUES ('21', '171', '4');
INSERT INTO `class` VALUES ('22', '172', '4');
INSERT INTO `class` VALUES ('23', '173', '4');
INSERT INTO `class` VALUES ('24', '174', '4');
INSERT INTO `class` VALUES ('25', '181', '4');
INSERT INTO `class` VALUES ('26', '182', '4');
INSERT INTO `class` VALUES ('27', '183', '4');
INSERT INTO `class` VALUES ('28', '184', '4');
INSERT INTO `class` VALUES ('29', '191', '4');
INSERT INTO `class` VALUES ('30', '192', '4');
INSERT INTO `class` VALUES ('31', '193', '4');
INSERT INTO `class` VALUES ('32', '194', '4');
INSERT INTO `class` VALUES ('33', '161', '5');
INSERT INTO `class` VALUES ('34', '162', '5');
INSERT INTO `class` VALUES ('35', '163', '5');
INSERT INTO `class` VALUES ('36', '164', '5');
INSERT INTO `class` VALUES ('37', '171', '5');
INSERT INTO `class` VALUES ('38', '172', '5');
INSERT INTO `class` VALUES ('39', '173', '5');
INSERT INTO `class` VALUES ('40', '174', '5');
INSERT INTO `class` VALUES ('41', '181', '5');
INSERT INTO `class` VALUES ('42', '182', '5');
INSERT INTO `class` VALUES ('43', '183', '5');
INSERT INTO `class` VALUES ('44', '184', '5');
INSERT INTO `class` VALUES ('45', '191', '5');
INSERT INTO `class` VALUES ('46', '192', '5');
INSERT INTO `class` VALUES ('47', '193', '5');
INSERT INTO `class` VALUES ('48', '194', '5');
INSERT INTO `class` VALUES ('49', '161', '6');
INSERT INTO `class` VALUES ('50', '162', '6');
INSERT INTO `class` VALUES ('51', '163', '6');
INSERT INTO `class` VALUES ('52', '164', '6');
INSERT INTO `class` VALUES ('53', '171', '6');
INSERT INTO `class` VALUES ('54', '172', '6');
INSERT INTO `class` VALUES ('55', '173', '6');
INSERT INTO `class` VALUES ('56', '174', '6');
INSERT INTO `class` VALUES ('57', '181', '6');
INSERT INTO `class` VALUES ('58', '182', '6');
INSERT INTO `class` VALUES ('59', '183', '6');
INSERT INTO `class` VALUES ('60', '184', '6');
INSERT INTO `class` VALUES ('61', '191', '6');
INSERT INTO `class` VALUES ('62', '192', '6');
INSERT INTO `class` VALUES ('63', '193', '6');
INSERT INTO `class` VALUES ('64', '194', '6');
INSERT INTO `class` VALUES ('65', '161', '7');
INSERT INTO `class` VALUES ('66', '162', '7');
INSERT INTO `class` VALUES ('67', '163', '7');
INSERT INTO `class` VALUES ('68', '164', '7');
INSERT INTO `class` VALUES ('69', '171', '7');
INSERT INTO `class` VALUES ('70', '172', '7');
INSERT INTO `class` VALUES ('71', '173', '7');
INSERT INTO `class` VALUES ('72', '174', '7');
INSERT INTO `class` VALUES ('73', '181', '7');
INSERT INTO `class` VALUES ('74', '182', '7');
INSERT INTO `class` VALUES ('75', '183', '7');
INSERT INTO `class` VALUES ('76', '184', '7');
INSERT INTO `class` VALUES ('77', '191', '7');
INSERT INTO `class` VALUES ('78', '192', '7');
INSERT INTO `class` VALUES ('79', '193', '7');
INSERT INTO `class` VALUES ('80', '194', '7');
INSERT INTO `class` VALUES ('81', '161', '8');
INSERT INTO `class` VALUES ('82', '162', '8');
INSERT INTO `class` VALUES ('83', '163', '8');
INSERT INTO `class` VALUES ('84', '164', '8');
INSERT INTO `class` VALUES ('85', '171', '8');
INSERT INTO `class` VALUES ('86', '172', '8');
INSERT INTO `class` VALUES ('87', '173', '8');
INSERT INTO `class` VALUES ('88', '174', '8');
INSERT INTO `class` VALUES ('89', '181', '8');
INSERT INTO `class` VALUES ('90', '182', '8');
INSERT INTO `class` VALUES ('91', '183', '8');
INSERT INTO `class` VALUES ('92', '184', '8');
INSERT INTO `class` VALUES ('93', '191', '8');
INSERT INTO `class` VALUES ('94', '192', '8');
INSERT INTO `class` VALUES ('95', '193', '8');
INSERT INTO `class` VALUES ('96', '194', '8');
INSERT INTO `class` VALUES ('97', '161', '9');
INSERT INTO `class` VALUES ('98', '162', '9');
INSERT INTO `class` VALUES ('99', '163', '9');
INSERT INTO `class` VALUES ('100', '164', '9');
INSERT INTO `class` VALUES ('101', '171', '9');
INSERT INTO `class` VALUES ('102', '172', '9');
INSERT INTO `class` VALUES ('103', '173', '9');
INSERT INTO `class` VALUES ('104', '174', '9');
INSERT INTO `class` VALUES ('105', '181', '9');
INSERT INTO `class` VALUES ('106', '182', '9');
INSERT INTO `class` VALUES ('107', '183', '9');
INSERT INTO `class` VALUES ('108', '184', '9');
INSERT INTO `class` VALUES ('109', '191', '9');
INSERT INTO `class` VALUES ('110', '192', '9');
INSERT INTO `class` VALUES ('111', '193', '9');
INSERT INTO `class` VALUES ('112', '194', '9');
INSERT INTO `class` VALUES ('113', '161', '10');
INSERT INTO `class` VALUES ('114', '162', '10');
INSERT INTO `class` VALUES ('115', '163', '10');
INSERT INTO `class` VALUES ('116', '164', '10');
INSERT INTO `class` VALUES ('117', '171', '10');
INSERT INTO `class` VALUES ('118', '172', '10');
INSERT INTO `class` VALUES ('119', '173', '10');
INSERT INTO `class` VALUES ('120', '174', '10');
INSERT INTO `class` VALUES ('121', '181', '10');
INSERT INTO `class` VALUES ('122', '182', '10');
INSERT INTO `class` VALUES ('123', '183', '10');
INSERT INTO `class` VALUES ('124', '184', '10');
INSERT INTO `class` VALUES ('125', '191', '10');
INSERT INTO `class` VALUES ('126', '192', '10');
INSERT INTO `class` VALUES ('127', '193', '10');
INSERT INTO `class` VALUES ('128', '194', '10');
INSERT INTO `class` VALUES ('129', '161', '11');
INSERT INTO `class` VALUES ('130', '162', '11');
INSERT INTO `class` VALUES ('131', '163', '11');
INSERT INTO `class` VALUES ('132', '164', '11');
INSERT INTO `class` VALUES ('133', '171', '11');
INSERT INTO `class` VALUES ('134', '172', '11');
INSERT INTO `class` VALUES ('135', '173', '11');
INSERT INTO `class` VALUES ('136', '174', '11');
INSERT INTO `class` VALUES ('137', '181', '11');
INSERT INTO `class` VALUES ('138', '182', '11');
INSERT INTO `class` VALUES ('139', '183', '11');
INSERT INTO `class` VALUES ('140', '184', '11');
INSERT INTO `class` VALUES ('141', '191', '11');
INSERT INTO `class` VALUES ('142', '192', '11');
INSERT INTO `class` VALUES ('143', '193', '11');
INSERT INTO `class` VALUES ('144', '194', '11');
INSERT INTO `class` VALUES ('145', '161', '12');
INSERT INTO `class` VALUES ('146', '162', '12');
INSERT INTO `class` VALUES ('147', '163', '12');
INSERT INTO `class` VALUES ('148', '164', '12');
INSERT INTO `class` VALUES ('149', '171', '12');
INSERT INTO `class` VALUES ('150', '172', '12');
INSERT INTO `class` VALUES ('151', '173', '12');
INSERT INTO `class` VALUES ('152', '174', '12');
INSERT INTO `class` VALUES ('153', '181', '12');
INSERT INTO `class` VALUES ('154', '182', '12');
INSERT INTO `class` VALUES ('155', '183', '12');
INSERT INTO `class` VALUES ('156', '184', '12');
INSERT INTO `class` VALUES ('157', '191', '12');
INSERT INTO `class` VALUES ('158', '192', '12');
INSERT INTO `class` VALUES ('159', '193', '12');
INSERT INTO `class` VALUES ('160', '194', '12');
INSERT INTO `class` VALUES ('161', '161', '13');
INSERT INTO `class` VALUES ('162', '162', '13');
INSERT INTO `class` VALUES ('163', '163', '13');
INSERT INTO `class` VALUES ('164', '164', '13');
INSERT INTO `class` VALUES ('165', '171', '13');
INSERT INTO `class` VALUES ('166', '172', '13');
INSERT INTO `class` VALUES ('167', '173', '13');
INSERT INTO `class` VALUES ('168', '174', '13');
INSERT INTO `class` VALUES ('169', '181', '13');
INSERT INTO `class` VALUES ('170', '182', '13');
INSERT INTO `class` VALUES ('171', '183', '13');
INSERT INTO `class` VALUES ('172', '184', '13');
INSERT INTO `class` VALUES ('173', '191', '13');
INSERT INTO `class` VALUES ('174', '192', '13');
INSERT INTO `class` VALUES ('175', '193', '13');
INSERT INTO `class` VALUES ('176', '194', '13');
INSERT INTO `class` VALUES ('177', '161', '14');
INSERT INTO `class` VALUES ('178', '162', '14');
INSERT INTO `class` VALUES ('179', '163', '14');
INSERT INTO `class` VALUES ('180', '164', '14');
INSERT INTO `class` VALUES ('181', '171', '14');
INSERT INTO `class` VALUES ('182', '172', '14');
INSERT INTO `class` VALUES ('183', '173', '14');
INSERT INTO `class` VALUES ('184', '174', '14');
INSERT INTO `class` VALUES ('185', '181', '14');
INSERT INTO `class` VALUES ('186', '182', '14');
INSERT INTO `class` VALUES ('187', '183', '14');
INSERT INTO `class` VALUES ('188', '184', '14');
INSERT INTO `class` VALUES ('189', '191', '14');
INSERT INTO `class` VALUES ('190', '192', '14');
INSERT INTO `class` VALUES ('191', '193', '14');
INSERT INTO `class` VALUES ('192', '194', '14');
INSERT INTO `class` VALUES ('193', '161', '15');
INSERT INTO `class` VALUES ('194', '162', '15');
INSERT INTO `class` VALUES ('195', '163', '15');
INSERT INTO `class` VALUES ('196', '164', '15');
INSERT INTO `class` VALUES ('197', '171', '15');
INSERT INTO `class` VALUES ('198', '172', '15');
INSERT INTO `class` VALUES ('199', '173', '15');
INSERT INTO `class` VALUES ('200', '174', '15');
INSERT INTO `class` VALUES ('201', '181', '15');
INSERT INTO `class` VALUES ('202', '182', '15');
INSERT INTO `class` VALUES ('203', '183', '15');
INSERT INTO `class` VALUES ('204', '184', '15');
INSERT INTO `class` VALUES ('205', '191', '15');
INSERT INTO `class` VALUES ('206', '192', '15');
INSERT INTO `class` VALUES ('207', '193', '15');
INSERT INTO `class` VALUES ('208', '194', '15');
INSERT INTO `class` VALUES ('209', '161', '16');
INSERT INTO `class` VALUES ('210', '162', '16');
INSERT INTO `class` VALUES ('211', '163', '16');
INSERT INTO `class` VALUES ('212', '164', '16');
INSERT INTO `class` VALUES ('213', '171', '16');
INSERT INTO `class` VALUES ('214', '172', '16');
INSERT INTO `class` VALUES ('215', '173', '16');
INSERT INTO `class` VALUES ('216', '174', '16');
INSERT INTO `class` VALUES ('217', '181', '16');
INSERT INTO `class` VALUES ('218', '182', '16');
INSERT INTO `class` VALUES ('219', '183', '16');
INSERT INTO `class` VALUES ('220', '184', '16');
INSERT INTO `class` VALUES ('221', '191', '16');
INSERT INTO `class` VALUES ('222', '192', '16');
INSERT INTO `class` VALUES ('223', '193', '16');
INSERT INTO `class` VALUES ('224', '194', '16');
INSERT INTO `class` VALUES ('225', '161', '17');
INSERT INTO `class` VALUES ('226', '162', '17');
INSERT INTO `class` VALUES ('227', '163', '17');
INSERT INTO `class` VALUES ('228', '164', '17');
INSERT INTO `class` VALUES ('229', '171', '17');
INSERT INTO `class` VALUES ('230', '172', '17');
INSERT INTO `class` VALUES ('231', '173', '17');
INSERT INTO `class` VALUES ('232', '174', '17');
INSERT INTO `class` VALUES ('233', '181', '17');
INSERT INTO `class` VALUES ('234', '182', '17');
INSERT INTO `class` VALUES ('235', '183', '17');
INSERT INTO `class` VALUES ('236', '184', '17');
INSERT INTO `class` VALUES ('237', '191', '17');
INSERT INTO `class` VALUES ('238', '192', '17');
INSERT INTO `class` VALUES ('239', '193', '17');
INSERT INTO `class` VALUES ('240', '194', '17');
INSERT INTO `class` VALUES ('241', '161', '18');
INSERT INTO `class` VALUES ('242', '162', '18');
INSERT INTO `class` VALUES ('243', '163', '18');
INSERT INTO `class` VALUES ('244', '164', '18');
INSERT INTO `class` VALUES ('245', '171', '18');
INSERT INTO `class` VALUES ('246', '172', '18');
INSERT INTO `class` VALUES ('247', '173', '18');
INSERT INTO `class` VALUES ('248', '174', '18');
INSERT INTO `class` VALUES ('249', '181', '18');
INSERT INTO `class` VALUES ('250', '182', '18');
INSERT INTO `class` VALUES ('251', '183', '18');
INSERT INTO `class` VALUES ('252', '184', '18');
INSERT INTO `class` VALUES ('253', '191', '18');
INSERT INTO `class` VALUES ('254', '192', '18');
INSERT INTO `class` VALUES ('255', '193', '18');
INSERT INTO `class` VALUES ('256', '194', '18');
INSERT INTO `class` VALUES ('257', '161', '19');
INSERT INTO `class` VALUES ('258', '162', '19');
INSERT INTO `class` VALUES ('259', '163', '19');
INSERT INTO `class` VALUES ('260', '164', '19');
INSERT INTO `class` VALUES ('261', '171', '19');
INSERT INTO `class` VALUES ('262', '172', '19');
INSERT INTO `class` VALUES ('263', '173', '19');
INSERT INTO `class` VALUES ('264', '174', '19');
INSERT INTO `class` VALUES ('265', '181', '19');
INSERT INTO `class` VALUES ('266', '182', '19');
INSERT INTO `class` VALUES ('267', '183', '19');
INSERT INTO `class` VALUES ('268', '184', '19');
INSERT INTO `class` VALUES ('269', '191', '19');
INSERT INTO `class` VALUES ('270', '192', '19');
INSERT INTO `class` VALUES ('271', '193', '19');
INSERT INTO `class` VALUES ('272', '194', '19');
INSERT INTO `class` VALUES ('273', '161', '20');
INSERT INTO `class` VALUES ('274', '162', '20');
INSERT INTO `class` VALUES ('275', '163', '20');
INSERT INTO `class` VALUES ('276', '164', '20');
INSERT INTO `class` VALUES ('277', '171', '20');
INSERT INTO `class` VALUES ('278', '172', '20');
INSERT INTO `class` VALUES ('279', '173', '20');
INSERT INTO `class` VALUES ('280', '174', '20');
INSERT INTO `class` VALUES ('281', '181', '20');
INSERT INTO `class` VALUES ('282', '182', '20');
INSERT INTO `class` VALUES ('283', '183', '20');
INSERT INTO `class` VALUES ('284', '184', '20');
INSERT INTO `class` VALUES ('285', '191', '20');
INSERT INTO `class` VALUES ('286', '192', '20');
INSERT INTO `class` VALUES ('287', '193', '20');
INSERT INTO `class` VALUES ('288', '194', '20');
INSERT INTO `class` VALUES ('289', '161', '21');
INSERT INTO `class` VALUES ('290', '162', '21');
INSERT INTO `class` VALUES ('291', '163', '21');
INSERT INTO `class` VALUES ('292', '164', '21');
INSERT INTO `class` VALUES ('293', '171', '21');
INSERT INTO `class` VALUES ('294', '172', '21');
INSERT INTO `class` VALUES ('295', '173', '21');
INSERT INTO `class` VALUES ('296', '174', '21');
INSERT INTO `class` VALUES ('297', '181', '21');
INSERT INTO `class` VALUES ('298', '182', '21');
INSERT INTO `class` VALUES ('299', '183', '21');
INSERT INTO `class` VALUES ('300', '184', '21');
INSERT INTO `class` VALUES ('301', '191', '21');
INSERT INTO `class` VALUES ('302', '192', '21');
INSERT INTO `class` VALUES ('303', '193', '21');
INSERT INTO `class` VALUES ('304', '194', '21');
INSERT INTO `class` VALUES ('305', '161', '22');
INSERT INTO `class` VALUES ('306', '162', '22');
INSERT INTO `class` VALUES ('307', '163', '22');
INSERT INTO `class` VALUES ('308', '164', '22');
INSERT INTO `class` VALUES ('309', '171', '22');
INSERT INTO `class` VALUES ('310', '172', '22');
INSERT INTO `class` VALUES ('311', '173', '22');
INSERT INTO `class` VALUES ('312', '174', '22');
INSERT INTO `class` VALUES ('313', '181', '22');
INSERT INTO `class` VALUES ('314', '182', '22');
INSERT INTO `class` VALUES ('315', '183', '22');
INSERT INTO `class` VALUES ('316', '184', '22');
INSERT INTO `class` VALUES ('317', '191', '22');
INSERT INTO `class` VALUES ('318', '192', '22');
INSERT INTO `class` VALUES ('319', '193', '22');
INSERT INTO `class` VALUES ('320', '194', '22');
INSERT INTO `class` VALUES ('321', '161', '23');
INSERT INTO `class` VALUES ('322', '162', '23');
INSERT INTO `class` VALUES ('323', '163', '23');
INSERT INTO `class` VALUES ('324', '164', '23');
INSERT INTO `class` VALUES ('325', '171', '23');
INSERT INTO `class` VALUES ('326', '172', '23');
INSERT INTO `class` VALUES ('327', '173', '23');
INSERT INTO `class` VALUES ('328', '174', '23');
INSERT INTO `class` VALUES ('329', '181', '23');
INSERT INTO `class` VALUES ('330', '182', '23');
INSERT INTO `class` VALUES ('331', '183', '23');
INSERT INTO `class` VALUES ('332', '184', '23');
INSERT INTO `class` VALUES ('333', '191', '23');
INSERT INTO `class` VALUES ('334', '192', '23');
INSERT INTO `class` VALUES ('335', '193', '23');
INSERT INTO `class` VALUES ('336', '194', '23');
INSERT INTO `class` VALUES ('337', '161', '24');
INSERT INTO `class` VALUES ('338', '162', '24');
INSERT INTO `class` VALUES ('339', '163', '24');
INSERT INTO `class` VALUES ('340', '164', '24');
INSERT INTO `class` VALUES ('341', '171', '24');
INSERT INTO `class` VALUES ('342', '172', '24');
INSERT INTO `class` VALUES ('343', '173', '24');
INSERT INTO `class` VALUES ('344', '174', '24');
INSERT INTO `class` VALUES ('345', '181', '24');
INSERT INTO `class` VALUES ('346', '182', '24');
INSERT INTO `class` VALUES ('347', '183', '24');
INSERT INTO `class` VALUES ('348', '184', '24');
INSERT INTO `class` VALUES ('349', '191', '24');
INSERT INTO `class` VALUES ('350', '192', '24');
INSERT INTO `class` VALUES ('351', '193', '24');
INSERT INTO `class` VALUES ('352', '194', '24');
INSERT INTO `class` VALUES ('353', '161', '25');
INSERT INTO `class` VALUES ('354', '162', '25');
INSERT INTO `class` VALUES ('355', '163', '25');
INSERT INTO `class` VALUES ('356', '164', '25');
INSERT INTO `class` VALUES ('357', '171', '25');
INSERT INTO `class` VALUES ('358', '172', '25');
INSERT INTO `class` VALUES ('359', '173', '25');
INSERT INTO `class` VALUES ('360', '174', '25');
INSERT INTO `class` VALUES ('361', '181', '25');
INSERT INTO `class` VALUES ('362', '182', '25');
INSERT INTO `class` VALUES ('363', '183', '25');
INSERT INTO `class` VALUES ('364', '184', '25');
INSERT INTO `class` VALUES ('365', '191', '25');
INSERT INTO `class` VALUES ('366', '192', '25');
INSERT INTO `class` VALUES ('367', '193', '25');
INSERT INTO `class` VALUES ('368', '194', '25');
INSERT INTO `class` VALUES ('369', '161', '26');
INSERT INTO `class` VALUES ('370', '162', '26');
INSERT INTO `class` VALUES ('371', '163', '26');
INSERT INTO `class` VALUES ('372', '164', '26');
INSERT INTO `class` VALUES ('373', '171', '26');
INSERT INTO `class` VALUES ('374', '172', '26');
INSERT INTO `class` VALUES ('375', '173', '26');
INSERT INTO `class` VALUES ('376', '174', '26');
INSERT INTO `class` VALUES ('377', '181', '26');
INSERT INTO `class` VALUES ('378', '182', '26');
INSERT INTO `class` VALUES ('379', '183', '26');
INSERT INTO `class` VALUES ('380', '184', '26');
INSERT INTO `class` VALUES ('381', '191', '26');
INSERT INTO `class` VALUES ('382', '192', '26');
INSERT INTO `class` VALUES ('383', '193', '26');
INSERT INTO `class` VALUES ('384', '194', '26');
INSERT INTO `class` VALUES ('385', '161', '27');
INSERT INTO `class` VALUES ('386', '162', '27');
INSERT INTO `class` VALUES ('387', '163', '27');
INSERT INTO `class` VALUES ('388', '164', '27');
INSERT INTO `class` VALUES ('389', '171', '27');
INSERT INTO `class` VALUES ('390', '172', '27');
INSERT INTO `class` VALUES ('391', '173', '27');
INSERT INTO `class` VALUES ('392', '174', '27');
INSERT INTO `class` VALUES ('393', '181', '27');
INSERT INTO `class` VALUES ('394', '182', '27');
INSERT INTO `class` VALUES ('395', '183', '27');
INSERT INTO `class` VALUES ('396', '184', '27');
INSERT INTO `class` VALUES ('397', '191', '27');
INSERT INTO `class` VALUES ('398', '192', '27');
INSERT INTO `class` VALUES ('399', '193', '27');
INSERT INTO `class` VALUES ('400', '194', '27');
INSERT INTO `class` VALUES ('401', '161', '28');
INSERT INTO `class` VALUES ('402', '162', '28');
INSERT INTO `class` VALUES ('403', '163', '28');
INSERT INTO `class` VALUES ('404', '164', '28');
INSERT INTO `class` VALUES ('405', '171', '28');
INSERT INTO `class` VALUES ('406', '172', '28');
INSERT INTO `class` VALUES ('407', '173', '28');
INSERT INTO `class` VALUES ('408', '174', '28');
INSERT INTO `class` VALUES ('409', '181', '28');
INSERT INTO `class` VALUES ('410', '182', '28');
INSERT INTO `class` VALUES ('411', '183', '28');
INSERT INTO `class` VALUES ('412', '184', '28');
INSERT INTO `class` VALUES ('413', '191', '28');
INSERT INTO `class` VALUES ('414', '192', '28');
INSERT INTO `class` VALUES ('415', '193', '28');
INSERT INTO `class` VALUES ('416', '194', '28');
INSERT INTO `class` VALUES ('417', '161', '29');
INSERT INTO `class` VALUES ('418', '162', '29');
INSERT INTO `class` VALUES ('419', '163', '29');
INSERT INTO `class` VALUES ('420', '164', '29');
INSERT INTO `class` VALUES ('421', '171', '29');
INSERT INTO `class` VALUES ('422', '172', '29');
INSERT INTO `class` VALUES ('423', '173', '29');
INSERT INTO `class` VALUES ('424', '174', '29');
INSERT INTO `class` VALUES ('425', '181', '29');
INSERT INTO `class` VALUES ('426', '182', '29');
INSERT INTO `class` VALUES ('427', '183', '29');
INSERT INTO `class` VALUES ('428', '184', '29');
INSERT INTO `class` VALUES ('429', '191', '29');
INSERT INTO `class` VALUES ('430', '192', '29');
INSERT INTO `class` VALUES ('431', '193', '29');
INSERT INTO `class` VALUES ('432', '194', '29');
INSERT INTO `class` VALUES ('433', '161', '30');
INSERT INTO `class` VALUES ('434', '162', '30');
INSERT INTO `class` VALUES ('435', '163', '30');
INSERT INTO `class` VALUES ('436', '164', '30');
INSERT INTO `class` VALUES ('437', '171', '30');
INSERT INTO `class` VALUES ('438', '172', '30');
INSERT INTO `class` VALUES ('439', '173', '30');
INSERT INTO `class` VALUES ('440', '174', '30');
INSERT INTO `class` VALUES ('441', '181', '30');
INSERT INTO `class` VALUES ('442', '182', '30');
INSERT INTO `class` VALUES ('443', '183', '30');
INSERT INTO `class` VALUES ('444', '184', '30');
INSERT INTO `class` VALUES ('445', '191', '30');
INSERT INTO `class` VALUES ('446', '192', '30');
INSERT INTO `class` VALUES ('447', '193', '30');
INSERT INTO `class` VALUES ('448', '194', '30');
INSERT INTO `class` VALUES ('449', '161', '31');
INSERT INTO `class` VALUES ('450', '162', '31');
INSERT INTO `class` VALUES ('451', '163', '31');
INSERT INTO `class` VALUES ('452', '164', '31');
INSERT INTO `class` VALUES ('453', '171', '31');
INSERT INTO `class` VALUES ('454', '172', '31');
INSERT INTO `class` VALUES ('455', '173', '31');
INSERT INTO `class` VALUES ('456', '174', '31');
INSERT INTO `class` VALUES ('457', '181', '31');
INSERT INTO `class` VALUES ('458', '182', '31');
INSERT INTO `class` VALUES ('459', '183', '31');
INSERT INTO `class` VALUES ('460', '184', '31');
INSERT INTO `class` VALUES ('461', '191', '31');
INSERT INTO `class` VALUES ('462', '192', '31');
INSERT INTO `class` VALUES ('463', '193', '31');
INSERT INTO `class` VALUES ('464', '194', '31');
INSERT INTO `class` VALUES ('465', '161', '32');
INSERT INTO `class` VALUES ('466', '162', '32');
INSERT INTO `class` VALUES ('467', '163', '32');
INSERT INTO `class` VALUES ('468', '164', '32');
INSERT INTO `class` VALUES ('469', '171', '32');
INSERT INTO `class` VALUES ('470', '172', '32');
INSERT INTO `class` VALUES ('471', '173', '32');
INSERT INTO `class` VALUES ('472', '174', '32');
INSERT INTO `class` VALUES ('473', '181', '32');
INSERT INTO `class` VALUES ('474', '182', '32');
INSERT INTO `class` VALUES ('475', '183', '32');
INSERT INTO `class` VALUES ('476', '184', '32');
INSERT INTO `class` VALUES ('477', '191', '32');
INSERT INTO `class` VALUES ('478', '192', '32');
INSERT INTO `class` VALUES ('479', '193', '32');
INSERT INTO `class` VALUES ('480', '194', '32');
INSERT INTO `class` VALUES ('481', '161', '33');
INSERT INTO `class` VALUES ('482', '162', '33');
INSERT INTO `class` VALUES ('483', '163', '33');
INSERT INTO `class` VALUES ('484', '164', '33');
INSERT INTO `class` VALUES ('485', '171', '33');
INSERT INTO `class` VALUES ('486', '172', '33');
INSERT INTO `class` VALUES ('487', '173', '33');
INSERT INTO `class` VALUES ('488', '174', '33');
INSERT INTO `class` VALUES ('489', '181', '33');
INSERT INTO `class` VALUES ('490', '182', '33');
INSERT INTO `class` VALUES ('491', '183', '33');
INSERT INTO `class` VALUES ('492', '184', '33');
INSERT INTO `class` VALUES ('493', '191', '33');
INSERT INTO `class` VALUES ('494', '192', '33');
INSERT INTO `class` VALUES ('495', '193', '33');
INSERT INTO `class` VALUES ('496', '194', '33');
INSERT INTO `class` VALUES ('497', '161', '34');
INSERT INTO `class` VALUES ('498', '162', '34');
INSERT INTO `class` VALUES ('499', '163', '34');
INSERT INTO `class` VALUES ('500', '164', '34');
INSERT INTO `class` VALUES ('501', '171', '34');
INSERT INTO `class` VALUES ('502', '172', '34');
INSERT INTO `class` VALUES ('503', '173', '34');
INSERT INTO `class` VALUES ('504', '174', '34');
INSERT INTO `class` VALUES ('505', '181', '34');
INSERT INTO `class` VALUES ('506', '182', '34');
INSERT INTO `class` VALUES ('507', '183', '34');
INSERT INTO `class` VALUES ('508', '184', '34');
INSERT INTO `class` VALUES ('509', '191', '34');
INSERT INTO `class` VALUES ('510', '192', '34');
INSERT INTO `class` VALUES ('511', '193', '34');
INSERT INTO `class` VALUES ('512', '194', '34');
INSERT INTO `class` VALUES ('513', '161', '35');
INSERT INTO `class` VALUES ('514', '162', '35');
INSERT INTO `class` VALUES ('515', '163', '35');
INSERT INTO `class` VALUES ('516', '164', '35');
INSERT INTO `class` VALUES ('517', '171', '35');
INSERT INTO `class` VALUES ('518', '172', '35');
INSERT INTO `class` VALUES ('519', '173', '35');
INSERT INTO `class` VALUES ('520', '174', '35');
INSERT INTO `class` VALUES ('521', '181', '35');
INSERT INTO `class` VALUES ('522', '182', '35');
INSERT INTO `class` VALUES ('523', '183', '35');
INSERT INTO `class` VALUES ('524', '184', '35');
INSERT INTO `class` VALUES ('525', '191', '35');
INSERT INTO `class` VALUES ('526', '192', '35');
INSERT INTO `class` VALUES ('527', '193', '35');
INSERT INTO `class` VALUES ('528', '194', '35');
INSERT INTO `class` VALUES ('529', '161', '36');
INSERT INTO `class` VALUES ('530', '162', '36');
INSERT INTO `class` VALUES ('531', '163', '36');
INSERT INTO `class` VALUES ('532', '164', '36');
INSERT INTO `class` VALUES ('533', '171', '36');
INSERT INTO `class` VALUES ('534', '172', '36');
INSERT INTO `class` VALUES ('535', '173', '36');
INSERT INTO `class` VALUES ('536', '174', '36');
INSERT INTO `class` VALUES ('537', '181', '36');
INSERT INTO `class` VALUES ('538', '182', '36');
INSERT INTO `class` VALUES ('539', '183', '36');
INSERT INTO `class` VALUES ('540', '184', '36');
INSERT INTO `class` VALUES ('541', '191', '36');
INSERT INTO `class` VALUES ('542', '192', '36');
INSERT INTO `class` VALUES ('543', '193', '36');
INSERT INTO `class` VALUES ('544', '194', '36');
INSERT INTO `class` VALUES ('545', '161', '37');
INSERT INTO `class` VALUES ('546', '162', '37');
INSERT INTO `class` VALUES ('547', '163', '37');
INSERT INTO `class` VALUES ('548', '164', '37');
INSERT INTO `class` VALUES ('549', '171', '37');
INSERT INTO `class` VALUES ('550', '172', '37');
INSERT INTO `class` VALUES ('551', '173', '37');
INSERT INTO `class` VALUES ('552', '174', '37');
INSERT INTO `class` VALUES ('553', '181', '37');
INSERT INTO `class` VALUES ('554', '182', '37');
INSERT INTO `class` VALUES ('555', '183', '37');
INSERT INTO `class` VALUES ('556', '184', '37');
INSERT INTO `class` VALUES ('557', '191', '37');
INSERT INTO `class` VALUES ('558', '192', '37');
INSERT INTO `class` VALUES ('559', '193', '37');
INSERT INTO `class` VALUES ('560', '194', '37');
INSERT INTO `class` VALUES ('561', '161', '38');
INSERT INTO `class` VALUES ('562', '162', '38');
INSERT INTO `class` VALUES ('563', '163', '38');
INSERT INTO `class` VALUES ('564', '164', '38');
INSERT INTO `class` VALUES ('565', '171', '38');
INSERT INTO `class` VALUES ('566', '172', '38');
INSERT INTO `class` VALUES ('567', '173', '38');
INSERT INTO `class` VALUES ('568', '174', '38');
INSERT INTO `class` VALUES ('569', '181', '38');
INSERT INTO `class` VALUES ('570', '182', '38');
INSERT INTO `class` VALUES ('571', '183', '38');
INSERT INTO `class` VALUES ('572', '184', '38');
INSERT INTO `class` VALUES ('573', '191', '38');
INSERT INTO `class` VALUES ('574', '192', '38');
INSERT INTO `class` VALUES ('575', '193', '38');
INSERT INTO `class` VALUES ('576', '194', '38');
INSERT INTO `class` VALUES ('577', '161', '39');
INSERT INTO `class` VALUES ('578', '162', '39');
INSERT INTO `class` VALUES ('579', '163', '39');
INSERT INTO `class` VALUES ('580', '164', '39');
INSERT INTO `class` VALUES ('581', '171', '39');
INSERT INTO `class` VALUES ('582', '172', '39');
INSERT INTO `class` VALUES ('583', '173', '39');
INSERT INTO `class` VALUES ('584', '174', '39');
INSERT INTO `class` VALUES ('585', '181', '39');
INSERT INTO `class` VALUES ('586', '182', '39');
INSERT INTO `class` VALUES ('587', '183', '39');
INSERT INTO `class` VALUES ('588', '184', '39');
INSERT INTO `class` VALUES ('589', '191', '39');
INSERT INTO `class` VALUES ('590', '192', '39');
INSERT INTO `class` VALUES ('591', '193', '39');
INSERT INTO `class` VALUES ('592', '194', '39');
INSERT INTO `class` VALUES ('593', '161', '40');
INSERT INTO `class` VALUES ('594', '162', '40');
INSERT INTO `class` VALUES ('595', '163', '40');
INSERT INTO `class` VALUES ('596', '164', '40');
INSERT INTO `class` VALUES ('597', '171', '40');
INSERT INTO `class` VALUES ('598', '172', '40');
INSERT INTO `class` VALUES ('599', '173', '40');
INSERT INTO `class` VALUES ('600', '174', '40');
INSERT INTO `class` VALUES ('601', '181', '40');
INSERT INTO `class` VALUES ('602', '182', '40');
INSERT INTO `class` VALUES ('603', '183', '40');
INSERT INTO `class` VALUES ('604', '184', '40');
INSERT INTO `class` VALUES ('605', '191', '40');
INSERT INTO `class` VALUES ('606', '192', '40');
INSERT INTO `class` VALUES ('607', '193', '40');
INSERT INTO `class` VALUES ('608', '194', '40');
INSERT INTO `class` VALUES ('609', '161', '41');
INSERT INTO `class` VALUES ('610', '162', '41');
INSERT INTO `class` VALUES ('611', '163', '41');
INSERT INTO `class` VALUES ('612', '164', '41');
INSERT INTO `class` VALUES ('613', '171', '41');
INSERT INTO `class` VALUES ('614', '172', '41');
INSERT INTO `class` VALUES ('615', '173', '41');
INSERT INTO `class` VALUES ('616', '174', '41');
INSERT INTO `class` VALUES ('617', '181', '41');
INSERT INTO `class` VALUES ('618', '182', '41');
INSERT INTO `class` VALUES ('619', '183', '41');
INSERT INTO `class` VALUES ('620', '184', '41');
INSERT INTO `class` VALUES ('621', '191', '41');
INSERT INTO `class` VALUES ('622', '192', '41');
INSERT INTO `class` VALUES ('623', '193', '41');
INSERT INTO `class` VALUES ('624', '194', '41');
INSERT INTO `class` VALUES ('625', '161', '42');
INSERT INTO `class` VALUES ('626', '162', '42');
INSERT INTO `class` VALUES ('627', '163', '42');
INSERT INTO `class` VALUES ('628', '164', '42');
INSERT INTO `class` VALUES ('629', '171', '42');
INSERT INTO `class` VALUES ('630', '172', '42');
INSERT INTO `class` VALUES ('631', '173', '42');
INSERT INTO `class` VALUES ('632', '174', '42');
INSERT INTO `class` VALUES ('633', '181', '42');
INSERT INTO `class` VALUES ('634', '182', '42');
INSERT INTO `class` VALUES ('635', '183', '42');
INSERT INTO `class` VALUES ('636', '184', '42');
INSERT INTO `class` VALUES ('637', '191', '42');
INSERT INTO `class` VALUES ('638', '192', '42');
INSERT INTO `class` VALUES ('639', '193', '42');
INSERT INTO `class` VALUES ('640', '194', '42');
INSERT INTO `class` VALUES ('641', '161', '43');
INSERT INTO `class` VALUES ('642', '162', '43');
INSERT INTO `class` VALUES ('643', '163', '43');
INSERT INTO `class` VALUES ('644', '164', '43');
INSERT INTO `class` VALUES ('645', '171', '43');
INSERT INTO `class` VALUES ('646', '172', '43');
INSERT INTO `class` VALUES ('647', '173', '43');
INSERT INTO `class` VALUES ('648', '174', '43');
INSERT INTO `class` VALUES ('649', '181', '43');
INSERT INTO `class` VALUES ('650', '182', '43');
INSERT INTO `class` VALUES ('651', '183', '43');
INSERT INTO `class` VALUES ('652', '184', '43');
INSERT INTO `class` VALUES ('653', '191', '43');
INSERT INTO `class` VALUES ('654', '192', '43');
INSERT INTO `class` VALUES ('655', '193', '43');
INSERT INTO `class` VALUES ('656', '194', '43');
INSERT INTO `class` VALUES ('657', '161', '44');
INSERT INTO `class` VALUES ('658', '162', '44');
INSERT INTO `class` VALUES ('659', '163', '44');
INSERT INTO `class` VALUES ('660', '164', '44');
INSERT INTO `class` VALUES ('661', '171', '44');
INSERT INTO `class` VALUES ('662', '172', '44');
INSERT INTO `class` VALUES ('663', '173', '44');
INSERT INTO `class` VALUES ('664', '174', '44');
INSERT INTO `class` VALUES ('665', '181', '44');
INSERT INTO `class` VALUES ('666', '182', '44');
INSERT INTO `class` VALUES ('667', '183', '44');
INSERT INTO `class` VALUES ('668', '184', '44');
INSERT INTO `class` VALUES ('669', '191', '44');
INSERT INTO `class` VALUES ('670', '192', '44');
INSERT INTO `class` VALUES ('671', '193', '44');
INSERT INTO `class` VALUES ('672', '194', '44');
INSERT INTO `class` VALUES ('673', '161', '45');
INSERT INTO `class` VALUES ('674', '162', '45');
INSERT INTO `class` VALUES ('675', '163', '45');
INSERT INTO `class` VALUES ('676', '164', '45');
INSERT INTO `class` VALUES ('677', '171', '45');
INSERT INTO `class` VALUES ('678', '172', '45');
INSERT INTO `class` VALUES ('679', '173', '45');
INSERT INTO `class` VALUES ('680', '174', '45');
INSERT INTO `class` VALUES ('681', '181', '45');
INSERT INTO `class` VALUES ('682', '182', '45');
INSERT INTO `class` VALUES ('683', '183', '45');
INSERT INTO `class` VALUES ('684', '184', '45');
INSERT INTO `class` VALUES ('685', '191', '45');
INSERT INTO `class` VALUES ('686', '192', '45');
INSERT INTO `class` VALUES ('687', '193', '45');
INSERT INTO `class` VALUES ('688', '194', '45');
INSERT INTO `class` VALUES ('689', '161', '46');
INSERT INTO `class` VALUES ('690', '162', '46');
INSERT INTO `class` VALUES ('691', '163', '46');
INSERT INTO `class` VALUES ('692', '164', '46');
INSERT INTO `class` VALUES ('693', '171', '46');
INSERT INTO `class` VALUES ('694', '172', '46');
INSERT INTO `class` VALUES ('695', '173', '46');
INSERT INTO `class` VALUES ('696', '174', '46');
INSERT INTO `class` VALUES ('697', '181', '46');
INSERT INTO `class` VALUES ('698', '182', '46');
INSERT INTO `class` VALUES ('699', '183', '46');
INSERT INTO `class` VALUES ('700', '184', '46');
INSERT INTO `class` VALUES ('701', '191', '46');
INSERT INTO `class` VALUES ('702', '192', '46');
INSERT INTO `class` VALUES ('703', '193', '46');
INSERT INTO `class` VALUES ('704', '194', '46');
INSERT INTO `class` VALUES ('705', '161', '47');
INSERT INTO `class` VALUES ('706', '162', '47');
INSERT INTO `class` VALUES ('707', '163', '47');
INSERT INTO `class` VALUES ('708', '164', '47');
INSERT INTO `class` VALUES ('709', '171', '47');
INSERT INTO `class` VALUES ('710', '172', '47');
INSERT INTO `class` VALUES ('711', '173', '47');
INSERT INTO `class` VALUES ('712', '174', '47');
INSERT INTO `class` VALUES ('713', '181', '47');
INSERT INTO `class` VALUES ('714', '182', '47');
INSERT INTO `class` VALUES ('715', '183', '47');
INSERT INTO `class` VALUES ('716', '184', '47');
INSERT INTO `class` VALUES ('717', '191', '47');
INSERT INTO `class` VALUES ('718', '192', '47');
INSERT INTO `class` VALUES ('719', '193', '47');
INSERT INTO `class` VALUES ('720', '194', '47');
INSERT INTO `class` VALUES ('721', '161', '48');
INSERT INTO `class` VALUES ('722', '162', '48');
INSERT INTO `class` VALUES ('723', '163', '48');
INSERT INTO `class` VALUES ('724', '164', '48');
INSERT INTO `class` VALUES ('725', '171', '48');
INSERT INTO `class` VALUES ('726', '172', '48');
INSERT INTO `class` VALUES ('727', '173', '48');
INSERT INTO `class` VALUES ('728', '174', '48');
INSERT INTO `class` VALUES ('729', '181', '48');
INSERT INTO `class` VALUES ('730', '182', '48');
INSERT INTO `class` VALUES ('731', '183', '48');
INSERT INTO `class` VALUES ('732', '184', '48');
INSERT INTO `class` VALUES ('733', '191', '48');
INSERT INTO `class` VALUES ('734', '192', '48');
INSERT INTO `class` VALUES ('735', '193', '48');
INSERT INTO `class` VALUES ('736', '194', '48');
INSERT INTO `class` VALUES ('737', '161', '49');
INSERT INTO `class` VALUES ('738', '162', '49');
INSERT INTO `class` VALUES ('739', '163', '49');
INSERT INTO `class` VALUES ('740', '164', '49');
INSERT INTO `class` VALUES ('741', '171', '49');
INSERT INTO `class` VALUES ('742', '172', '49');
INSERT INTO `class` VALUES ('743', '173', '49');
INSERT INTO `class` VALUES ('744', '174', '49');
INSERT INTO `class` VALUES ('745', '181', '49');
INSERT INTO `class` VALUES ('746', '182', '49');
INSERT INTO `class` VALUES ('747', '183', '49');
INSERT INTO `class` VALUES ('748', '184', '49');
INSERT INTO `class` VALUES ('749', '191', '49');
INSERT INTO `class` VALUES ('750', '192', '49');
INSERT INTO `class` VALUES ('751', '193', '49');
INSERT INTO `class` VALUES ('752', '194', '49');
INSERT INTO `class` VALUES ('753', '161', '50');
INSERT INTO `class` VALUES ('754', '162', '50');
INSERT INTO `class` VALUES ('755', '163', '50');
INSERT INTO `class` VALUES ('756', '164', '50');
INSERT INTO `class` VALUES ('757', '171', '50');
INSERT INTO `class` VALUES ('758', '172', '50');
INSERT INTO `class` VALUES ('759', '173', '50');
INSERT INTO `class` VALUES ('760', '174', '50');
INSERT INTO `class` VALUES ('761', '181', '50');
INSERT INTO `class` VALUES ('762', '182', '50');
INSERT INTO `class` VALUES ('763', '183', '50');
INSERT INTO `class` VALUES ('764', '184', '50');
INSERT INTO `class` VALUES ('765', '191', '50');
INSERT INTO `class` VALUES ('766', '192', '50');
INSERT INTO `class` VALUES ('767', '193', '50');
INSERT INTO `class` VALUES ('768', '194', '50');
INSERT INTO `class` VALUES ('769', '161', '51');
INSERT INTO `class` VALUES ('770', '162', '51');
INSERT INTO `class` VALUES ('771', '163', '51');
INSERT INTO `class` VALUES ('772', '164', '51');
INSERT INTO `class` VALUES ('773', '171', '51');
INSERT INTO `class` VALUES ('774', '172', '51');
INSERT INTO `class` VALUES ('775', '173', '51');
INSERT INTO `class` VALUES ('776', '174', '51');
INSERT INTO `class` VALUES ('777', '181', '51');
INSERT INTO `class` VALUES ('778', '182', '51');
INSERT INTO `class` VALUES ('779', '183', '51');
INSERT INTO `class` VALUES ('780', '184', '51');
INSERT INTO `class` VALUES ('781', '191', '51');
INSERT INTO `class` VALUES ('782', '192', '51');
INSERT INTO `class` VALUES ('783', '193', '51');
INSERT INTO `class` VALUES ('784', '194', '51');
INSERT INTO `class` VALUES ('785', '161', '52');
INSERT INTO `class` VALUES ('786', '162', '52');
INSERT INTO `class` VALUES ('787', '163', '52');
INSERT INTO `class` VALUES ('788', '164', '52');
INSERT INTO `class` VALUES ('789', '171', '52');
INSERT INTO `class` VALUES ('790', '172', '52');
INSERT INTO `class` VALUES ('791', '173', '52');
INSERT INTO `class` VALUES ('792', '174', '52');
INSERT INTO `class` VALUES ('793', '181', '52');
INSERT INTO `class` VALUES ('794', '182', '52');
INSERT INTO `class` VALUES ('795', '183', '52');
INSERT INTO `class` VALUES ('796', '184', '52');
INSERT INTO `class` VALUES ('797', '191', '52');
INSERT INTO `class` VALUES ('798', '192', '52');
INSERT INTO `class` VALUES ('799', '193', '52');
INSERT INTO `class` VALUES ('800', '194', '52');
INSERT INTO `class` VALUES ('801', '161', '53');
INSERT INTO `class` VALUES ('802', '162', '53');
INSERT INTO `class` VALUES ('803', '163', '53');
INSERT INTO `class` VALUES ('804', '164', '53');
INSERT INTO `class` VALUES ('805', '171', '53');
INSERT INTO `class` VALUES ('806', '172', '53');
INSERT INTO `class` VALUES ('807', '173', '53');
INSERT INTO `class` VALUES ('808', '174', '53');
INSERT INTO `class` VALUES ('809', '181', '53');
INSERT INTO `class` VALUES ('810', '182', '53');
INSERT INTO `class` VALUES ('811', '183', '53');
INSERT INTO `class` VALUES ('812', '184', '53');
INSERT INTO `class` VALUES ('813', '191', '53');
INSERT INTO `class` VALUES ('814', '192', '53');
INSERT INTO `class` VALUES ('815', '193', '53');
INSERT INTO `class` VALUES ('816', '194', '53');
INSERT INTO `class` VALUES ('817', '161', '54');
INSERT INTO `class` VALUES ('818', '162', '54');
INSERT INTO `class` VALUES ('819', '163', '54');
INSERT INTO `class` VALUES ('820', '164', '54');
INSERT INTO `class` VALUES ('821', '171', '54');
INSERT INTO `class` VALUES ('822', '172', '54');
INSERT INTO `class` VALUES ('823', '173', '54');
INSERT INTO `class` VALUES ('824', '174', '54');
INSERT INTO `class` VALUES ('825', '181', '54');
INSERT INTO `class` VALUES ('826', '182', '54');
INSERT INTO `class` VALUES ('827', '183', '54');
INSERT INTO `class` VALUES ('828', '184', '54');
INSERT INTO `class` VALUES ('829', '191', '54');
INSERT INTO `class` VALUES ('830', '192', '54');
INSERT INTO `class` VALUES ('831', '193', '54');
INSERT INTO `class` VALUES ('832', '194', '54');
INSERT INTO `class` VALUES ('833', '161', '55');
INSERT INTO `class` VALUES ('834', '162', '55');
INSERT INTO `class` VALUES ('835', '163', '55');
INSERT INTO `class` VALUES ('836', '164', '55');
INSERT INTO `class` VALUES ('837', '171', '55');
INSERT INTO `class` VALUES ('838', '172', '55');
INSERT INTO `class` VALUES ('839', '173', '55');
INSERT INTO `class` VALUES ('840', '174', '55');
INSERT INTO `class` VALUES ('841', '181', '55');
INSERT INTO `class` VALUES ('842', '182', '55');
INSERT INTO `class` VALUES ('843', '183', '55');
INSERT INTO `class` VALUES ('844', '184', '55');
INSERT INTO `class` VALUES ('845', '191', '55');
INSERT INTO `class` VALUES ('846', '192', '55');
INSERT INTO `class` VALUES ('847', '193', '55');
INSERT INTO `class` VALUES ('848', '194', '55');
INSERT INTO `class` VALUES ('849', '161', '56');
INSERT INTO `class` VALUES ('850', '162', '56');
INSERT INTO `class` VALUES ('851', '163', '56');
INSERT INTO `class` VALUES ('852', '164', '56');
INSERT INTO `class` VALUES ('853', '171', '56');
INSERT INTO `class` VALUES ('854', '172', '56');
INSERT INTO `class` VALUES ('855', '173', '56');
INSERT INTO `class` VALUES ('856', '174', '56');
INSERT INTO `class` VALUES ('857', '181', '56');
INSERT INTO `class` VALUES ('858', '182', '56');
INSERT INTO `class` VALUES ('859', '183', '56');
INSERT INTO `class` VALUES ('860', '184', '56');
INSERT INTO `class` VALUES ('861', '191', '56');
INSERT INTO `class` VALUES ('862', '192', '56');
INSERT INTO `class` VALUES ('863', '193', '56');
INSERT INTO `class` VALUES ('864', '194', '56');
INSERT INTO `class` VALUES ('865', '161', '57');
INSERT INTO `class` VALUES ('866', '162', '57');
INSERT INTO `class` VALUES ('867', '163', '57');
INSERT INTO `class` VALUES ('868', '164', '57');
INSERT INTO `class` VALUES ('869', '171', '57');
INSERT INTO `class` VALUES ('870', '172', '57');
INSERT INTO `class` VALUES ('871', '173', '57');
INSERT INTO `class` VALUES ('872', '174', '57');
INSERT INTO `class` VALUES ('873', '181', '57');
INSERT INTO `class` VALUES ('874', '182', '57');
INSERT INTO `class` VALUES ('875', '183', '57');
INSERT INTO `class` VALUES ('876', '184', '57');
INSERT INTO `class` VALUES ('877', '191', '57');
INSERT INTO `class` VALUES ('878', '192', '57');
INSERT INTO `class` VALUES ('879', '193', '57');
INSERT INTO `class` VALUES ('880', '194', '57');
INSERT INTO `class` VALUES ('881', '161', '58');
INSERT INTO `class` VALUES ('882', '162', '58');
INSERT INTO `class` VALUES ('883', '163', '58');
INSERT INTO `class` VALUES ('884', '164', '58');
INSERT INTO `class` VALUES ('885', '171', '58');
INSERT INTO `class` VALUES ('886', '172', '58');
INSERT INTO `class` VALUES ('887', '173', '58');
INSERT INTO `class` VALUES ('888', '174', '58');
INSERT INTO `class` VALUES ('889', '181', '58');
INSERT INTO `class` VALUES ('890', '182', '58');
INSERT INTO `class` VALUES ('891', '183', '58');
INSERT INTO `class` VALUES ('892', '184', '58');
INSERT INTO `class` VALUES ('893', '191', '58');
INSERT INTO `class` VALUES ('894', '192', '58');
INSERT INTO `class` VALUES ('895', '193', '58');
INSERT INTO `class` VALUES ('896', '194', '58');
INSERT INTO `class` VALUES ('897', '161', '59');
INSERT INTO `class` VALUES ('898', '162', '59');
INSERT INTO `class` VALUES ('899', '163', '59');
INSERT INTO `class` VALUES ('900', '164', '59');
INSERT INTO `class` VALUES ('901', '171', '59');
INSERT INTO `class` VALUES ('902', '172', '59');
INSERT INTO `class` VALUES ('903', '173', '59');
INSERT INTO `class` VALUES ('904', '174', '59');
INSERT INTO `class` VALUES ('905', '181', '59');
INSERT INTO `class` VALUES ('906', '182', '59');
INSERT INTO `class` VALUES ('907', '183', '59');
INSERT INTO `class` VALUES ('908', '184', '59');
INSERT INTO `class` VALUES ('909', '191', '59');
INSERT INTO `class` VALUES ('910', '192', '59');
INSERT INTO `class` VALUES ('911', '193', '59');
INSERT INTO `class` VALUES ('912', '194', '59');
INSERT INTO `class` VALUES ('913', '161', '60');
INSERT INTO `class` VALUES ('914', '162', '60');
INSERT INTO `class` VALUES ('915', '163', '60');
INSERT INTO `class` VALUES ('916', '164', '60');
INSERT INTO `class` VALUES ('917', '171', '60');
INSERT INTO `class` VALUES ('918', '172', '60');
INSERT INTO `class` VALUES ('919', '173', '60');
INSERT INTO `class` VALUES ('920', '174', '60');
INSERT INTO `class` VALUES ('921', '181', '60');
INSERT INTO `class` VALUES ('922', '182', '60');
INSERT INTO `class` VALUES ('923', '183', '60');
INSERT INTO `class` VALUES ('924', '184', '60');
INSERT INTO `class` VALUES ('925', '191', '60');
INSERT INTO `class` VALUES ('926', '192', '60');
INSERT INTO `class` VALUES ('927', '193', '60');
INSERT INTO `class` VALUES ('928', '194', '60');
INSERT INTO `class` VALUES ('929', '161', '61');
INSERT INTO `class` VALUES ('930', '162', '61');
INSERT INTO `class` VALUES ('931', '163', '61');
INSERT INTO `class` VALUES ('932', '164', '61');
INSERT INTO `class` VALUES ('933', '171', '61');
INSERT INTO `class` VALUES ('934', '172', '61');
INSERT INTO `class` VALUES ('935', '173', '61');
INSERT INTO `class` VALUES ('936', '174', '61');
INSERT INTO `class` VALUES ('937', '181', '61');
INSERT INTO `class` VALUES ('938', '182', '61');
INSERT INTO `class` VALUES ('939', '183', '61');
INSERT INTO `class` VALUES ('940', '184', '61');
INSERT INTO `class` VALUES ('941', '191', '61');
INSERT INTO `class` VALUES ('942', '192', '61');
INSERT INTO `class` VALUES ('943', '193', '61');
INSERT INTO `class` VALUES ('944', '194', '61');
INSERT INTO `class` VALUES ('945', '161', '62');
INSERT INTO `class` VALUES ('946', '162', '62');
INSERT INTO `class` VALUES ('947', '163', '62');
INSERT INTO `class` VALUES ('948', '164', '62');
INSERT INTO `class` VALUES ('949', '171', '62');
INSERT INTO `class` VALUES ('950', '172', '62');
INSERT INTO `class` VALUES ('951', '173', '62');
INSERT INTO `class` VALUES ('952', '174', '62');
INSERT INTO `class` VALUES ('953', '181', '62');
INSERT INTO `class` VALUES ('954', '182', '62');
INSERT INTO `class` VALUES ('955', '183', '62');
INSERT INTO `class` VALUES ('956', '184', '62');
INSERT INTO `class` VALUES ('957', '191', '62');
INSERT INTO `class` VALUES ('958', '192', '62');
INSERT INTO `class` VALUES ('959', '193', '62');
INSERT INTO `class` VALUES ('960', '194', '62');
INSERT INTO `class` VALUES ('961', '161', '63');
INSERT INTO `class` VALUES ('962', '162', '63');
INSERT INTO `class` VALUES ('963', '163', '63');
INSERT INTO `class` VALUES ('964', '164', '63');
INSERT INTO `class` VALUES ('965', '171', '63');
INSERT INTO `class` VALUES ('966', '172', '63');
INSERT INTO `class` VALUES ('967', '173', '63');
INSERT INTO `class` VALUES ('968', '174', '63');
INSERT INTO `class` VALUES ('969', '181', '63');
INSERT INTO `class` VALUES ('970', '182', '63');
INSERT INTO `class` VALUES ('971', '183', '63');
INSERT INTO `class` VALUES ('972', '184', '63');
INSERT INTO `class` VALUES ('973', '191', '63');
INSERT INTO `class` VALUES ('974', '192', '63');
INSERT INTO `class` VALUES ('975', '193', '63');
INSERT INTO `class` VALUES ('976', '194', '63');
INSERT INTO `class` VALUES ('977', '161', '64');
INSERT INTO `class` VALUES ('978', '162', '64');
INSERT INTO `class` VALUES ('979', '163', '64');
INSERT INTO `class` VALUES ('980', '164', '64');
INSERT INTO `class` VALUES ('981', '171', '64');
INSERT INTO `class` VALUES ('982', '172', '64');
INSERT INTO `class` VALUES ('983', '173', '64');
INSERT INTO `class` VALUES ('984', '174', '64');
INSERT INTO `class` VALUES ('985', '181', '64');
INSERT INTO `class` VALUES ('986', '182', '64');
INSERT INTO `class` VALUES ('987', '183', '64');
INSERT INTO `class` VALUES ('988', '184', '64');
INSERT INTO `class` VALUES ('989', '191', '64');
INSERT INTO `class` VALUES ('990', '192', '64');
INSERT INTO `class` VALUES ('991', '193', '64');
INSERT INTO `class` VALUES ('992', '194', '64');
INSERT INTO `class` VALUES ('993', '161', '65');
INSERT INTO `class` VALUES ('994', '162', '65');
INSERT INTO `class` VALUES ('995', '163', '65');
INSERT INTO `class` VALUES ('996', '164', '65');
INSERT INTO `class` VALUES ('997', '171', '65');
INSERT INTO `class` VALUES ('998', '172', '65');
INSERT INTO `class` VALUES ('999', '173', '65');
INSERT INTO `class` VALUES ('1000', '174', '65');
INSERT INTO `class` VALUES ('1001', '181', '65');
INSERT INTO `class` VALUES ('1002', '182', '65');
INSERT INTO `class` VALUES ('1003', '183', '65');
INSERT INTO `class` VALUES ('1004', '184', '65');
INSERT INTO `class` VALUES ('1005', '191', '65');
INSERT INTO `class` VALUES ('1006', '192', '65');
INSERT INTO `class` VALUES ('1007', '193', '65');
INSERT INTO `class` VALUES ('1008', '194', '65');
INSERT INTO `class` VALUES ('1009', '161', '66');
INSERT INTO `class` VALUES ('1010', '162', '66');
INSERT INTO `class` VALUES ('1011', '163', '66');
INSERT INTO `class` VALUES ('1012', '164', '66');
INSERT INTO `class` VALUES ('1013', '171', '66');
INSERT INTO `class` VALUES ('1014', '172', '66');
INSERT INTO `class` VALUES ('1015', '173', '66');
INSERT INTO `class` VALUES ('1016', '174', '66');
INSERT INTO `class` VALUES ('1017', '181', '66');
INSERT INTO `class` VALUES ('1018', '182', '66');
INSERT INTO `class` VALUES ('1019', '183', '66');
INSERT INTO `class` VALUES ('1020', '184', '66');
INSERT INTO `class` VALUES ('1021', '191', '66');
INSERT INTO `class` VALUES ('1022', '192', '66');
INSERT INTO `class` VALUES ('1023', '193', '66');
INSERT INTO `class` VALUES ('1024', '194', '66');
INSERT INTO `class` VALUES ('1025', '161', '67');
INSERT INTO `class` VALUES ('1026', '162', '67');
INSERT INTO `class` VALUES ('1027', '163', '67');
INSERT INTO `class` VALUES ('1028', '164', '67');
INSERT INTO `class` VALUES ('1029', '171', '67');
INSERT INTO `class` VALUES ('1030', '172', '67');
INSERT INTO `class` VALUES ('1031', '173', '67');
INSERT INTO `class` VALUES ('1032', '174', '67');
INSERT INTO `class` VALUES ('1033', '181', '67');
INSERT INTO `class` VALUES ('1034', '182', '67');
INSERT INTO `class` VALUES ('1035', '183', '67');
INSERT INTO `class` VALUES ('1036', '184', '67');
INSERT INTO `class` VALUES ('1037', '191', '67');
INSERT INTO `class` VALUES ('1038', '192', '67');
INSERT INTO `class` VALUES ('1039', '193', '67');
INSERT INTO `class` VALUES ('1040', '194', '67');
INSERT INTO `class` VALUES ('1041', '161', '68');
INSERT INTO `class` VALUES ('1042', '162', '68');
INSERT INTO `class` VALUES ('1043', '163', '68');
INSERT INTO `class` VALUES ('1044', '164', '68');
INSERT INTO `class` VALUES ('1045', '171', '68');
INSERT INTO `class` VALUES ('1046', '172', '68');
INSERT INTO `class` VALUES ('1047', '173', '68');
INSERT INTO `class` VALUES ('1048', '174', '68');
INSERT INTO `class` VALUES ('1049', '181', '68');
INSERT INTO `class` VALUES ('1050', '182', '68');
INSERT INTO `class` VALUES ('1051', '183', '68');
INSERT INTO `class` VALUES ('1052', '184', '68');
INSERT INTO `class` VALUES ('1053', '191', '68');
INSERT INTO `class` VALUES ('1054', '192', '68');
INSERT INTO `class` VALUES ('1055', '193', '68');
INSERT INTO `class` VALUES ('1056', '194', '68');
INSERT INTO `class` VALUES ('1057', '161', '69');
INSERT INTO `class` VALUES ('1058', '162', '69');
INSERT INTO `class` VALUES ('1059', '163', '69');
INSERT INTO `class` VALUES ('1060', '164', '69');
INSERT INTO `class` VALUES ('1061', '171', '69');
INSERT INTO `class` VALUES ('1062', '172', '69');
INSERT INTO `class` VALUES ('1063', '173', '69');
INSERT INTO `class` VALUES ('1064', '174', '69');
INSERT INTO `class` VALUES ('1065', '181', '69');
INSERT INTO `class` VALUES ('1066', '182', '69');
INSERT INTO `class` VALUES ('1067', '183', '69');
INSERT INTO `class` VALUES ('1068', '184', '69');
INSERT INTO `class` VALUES ('1069', '191', '69');
INSERT INTO `class` VALUES ('1070', '192', '69');
INSERT INTO `class` VALUES ('1071', '193', '69');
INSERT INTO `class` VALUES ('1072', '194', '69');
INSERT INTO `class` VALUES ('1073', '161', '70');
INSERT INTO `class` VALUES ('1074', '162', '70');
INSERT INTO `class` VALUES ('1075', '163', '70');
INSERT INTO `class` VALUES ('1076', '164', '70');
INSERT INTO `class` VALUES ('1077', '171', '70');
INSERT INTO `class` VALUES ('1078', '172', '70');
INSERT INTO `class` VALUES ('1079', '173', '70');
INSERT INTO `class` VALUES ('1080', '174', '70');
INSERT INTO `class` VALUES ('1081', '181', '70');
INSERT INTO `class` VALUES ('1082', '182', '70');
INSERT INTO `class` VALUES ('1083', '183', '70');
INSERT INTO `class` VALUES ('1084', '184', '70');
INSERT INTO `class` VALUES ('1085', '191', '70');
INSERT INTO `class` VALUES ('1086', '192', '70');
INSERT INTO `class` VALUES ('1087', '193', '70');
INSERT INTO `class` VALUES ('1088', '194', '70');
INSERT INTO `class` VALUES ('1089', '161', '71');
INSERT INTO `class` VALUES ('1090', '162', '71');
INSERT INTO `class` VALUES ('1091', '163', '71');
INSERT INTO `class` VALUES ('1092', '164', '71');
INSERT INTO `class` VALUES ('1093', '171', '71');
INSERT INTO `class` VALUES ('1094', '172', '71');
INSERT INTO `class` VALUES ('1095', '173', '71');
INSERT INTO `class` VALUES ('1096', '174', '71');
INSERT INTO `class` VALUES ('1097', '181', '71');
INSERT INTO `class` VALUES ('1098', '182', '71');
INSERT INTO `class` VALUES ('1099', '183', '71');
INSERT INTO `class` VALUES ('1100', '184', '71');
INSERT INTO `class` VALUES ('1101', '191', '71');
INSERT INTO `class` VALUES ('1102', '192', '71');
INSERT INTO `class` VALUES ('1103', '193', '71');
INSERT INTO `class` VALUES ('1104', '194', '71');
INSERT INTO `class` VALUES ('1105', '161', '72');
INSERT INTO `class` VALUES ('1106', '162', '72');
INSERT INTO `class` VALUES ('1107', '163', '72');
INSERT INTO `class` VALUES ('1108', '164', '72');
INSERT INTO `class` VALUES ('1109', '171', '72');
INSERT INTO `class` VALUES ('1110', '172', '72');
INSERT INTO `class` VALUES ('1111', '173', '72');
INSERT INTO `class` VALUES ('1112', '174', '72');
INSERT INTO `class` VALUES ('1113', '181', '72');
INSERT INTO `class` VALUES ('1114', '182', '72');
INSERT INTO `class` VALUES ('1115', '183', '72');
INSERT INTO `class` VALUES ('1116', '184', '72');
INSERT INTO `class` VALUES ('1117', '191', '72');
INSERT INTO `class` VALUES ('1118', '192', '72');
INSERT INTO `class` VALUES ('1119', '193', '72');
INSERT INTO `class` VALUES ('1120', '194', '72');
INSERT INTO `class` VALUES ('1121', '161', '73');
INSERT INTO `class` VALUES ('1122', '162', '73');
INSERT INTO `class` VALUES ('1123', '163', '73');
INSERT INTO `class` VALUES ('1124', '164', '73');
INSERT INTO `class` VALUES ('1125', '171', '73');
INSERT INTO `class` VALUES ('1126', '172', '73');
INSERT INTO `class` VALUES ('1127', '173', '73');
INSERT INTO `class` VALUES ('1128', '174', '73');
INSERT INTO `class` VALUES ('1129', '181', '73');
INSERT INTO `class` VALUES ('1130', '182', '73');
INSERT INTO `class` VALUES ('1131', '183', '73');
INSERT INTO `class` VALUES ('1132', '184', '73');
INSERT INTO `class` VALUES ('1133', '191', '73');
INSERT INTO `class` VALUES ('1134', '192', '73');
INSERT INTO `class` VALUES ('1135', '193', '73');
INSERT INTO `class` VALUES ('1136', '194', '73');
INSERT INTO `class` VALUES ('1137', '161', '74');
INSERT INTO `class` VALUES ('1138', '162', '74');
INSERT INTO `class` VALUES ('1139', '163', '74');
INSERT INTO `class` VALUES ('1140', '164', '74');
INSERT INTO `class` VALUES ('1141', '171', '74');
INSERT INTO `class` VALUES ('1142', '172', '74');
INSERT INTO `class` VALUES ('1143', '173', '74');
INSERT INTO `class` VALUES ('1144', '174', '74');
INSERT INTO `class` VALUES ('1145', '181', '74');
INSERT INTO `class` VALUES ('1146', '182', '74');
INSERT INTO `class` VALUES ('1147', '183', '74');
INSERT INTO `class` VALUES ('1148', '184', '74');
INSERT INTO `class` VALUES ('1149', '191', '74');
INSERT INTO `class` VALUES ('1150', '192', '74');
INSERT INTO `class` VALUES ('1151', '193', '74');
INSERT INTO `class` VALUES ('1152', '194', '74');
INSERT INTO `class` VALUES ('1153', '161', '75');
INSERT INTO `class` VALUES ('1154', '162', '75');
INSERT INTO `class` VALUES ('1155', '163', '75');
INSERT INTO `class` VALUES ('1156', '164', '75');
INSERT INTO `class` VALUES ('1157', '171', '75');
INSERT INTO `class` VALUES ('1158', '172', '75');
INSERT INTO `class` VALUES ('1159', '173', '75');
INSERT INTO `class` VALUES ('1160', '174', '75');
INSERT INTO `class` VALUES ('1161', '181', '75');
INSERT INTO `class` VALUES ('1162', '182', '75');
INSERT INTO `class` VALUES ('1163', '183', '75');
INSERT INTO `class` VALUES ('1164', '184', '75');
INSERT INTO `class` VALUES ('1165', '191', '75');
INSERT INTO `class` VALUES ('1166', '192', '75');
INSERT INTO `class` VALUES ('1167', '193', '75');
INSERT INTO `class` VALUES ('1168', '194', '75');
INSERT INTO `class` VALUES ('1169', '161', '76');
INSERT INTO `class` VALUES ('1170', '162', '76');
INSERT INTO `class` VALUES ('1171', '163', '76');
INSERT INTO `class` VALUES ('1172', '164', '76');
INSERT INTO `class` VALUES ('1173', '171', '76');
INSERT INTO `class` VALUES ('1174', '172', '76');
INSERT INTO `class` VALUES ('1175', '173', '76');
INSERT INTO `class` VALUES ('1176', '174', '76');
INSERT INTO `class` VALUES ('1177', '181', '76');
INSERT INTO `class` VALUES ('1178', '182', '76');
INSERT INTO `class` VALUES ('1179', '183', '76');
INSERT INTO `class` VALUES ('1180', '184', '76');
INSERT INTO `class` VALUES ('1181', '191', '76');
INSERT INTO `class` VALUES ('1182', '192', '76');
INSERT INTO `class` VALUES ('1183', '193', '76');
INSERT INTO `class` VALUES ('1184', '194', '76');

-- ----------------------------
-- Table structure for `college`
-- ----------------------------
DROP TABLE IF EXISTS `college`;
CREATE TABLE `college` (
  `college_id` int(128) NOT NULL AUTO_INCREMENT,
  `college_name` varchar(255) NOT NULL,
  PRIMARY KEY (`college_id`)
) ENGINE=InnoDB AUTO_INCREMENT=18 DEFAULT CHARSET=utf8;

-- ----------------------------
-- Records of college
-- ----------------------------
INSERT INTO `college` VALUES ('1', '材料与化学化工学院');
INSERT INTO `college` VALUES ('2', '经亨颐学院');
INSERT INTO `college` VALUES ('3', '文化创意学院');
INSERT INTO `college` VALUES ('4', '美术学院');
INSERT INTO `college` VALUES ('5', '医学院');
INSERT INTO `college` VALUES ('6', '杭州国际服务工程学院');
INSERT INTO `college` VALUES ('7', '生命与环境科学学院');
INSERT INTO `college` VALUES ('8', '理学院');
INSERT INTO `college` VALUES ('9', '阿里巴巴商学院');
INSERT INTO `college` VALUES ('10', '外国语学院');
INSERT INTO `college` VALUES ('11', '人文学院');
INSERT INTO `college` VALUES ('12', '体育与健康学院');
INSERT INTO `college` VALUES ('13', '音乐学院');
INSERT INTO `college` VALUES ('14', '教育学院');
INSERT INTO `college` VALUES ('15', '公共管理学院');
INSERT INTO `college` VALUES ('16', '沈钧儒法学院');
INSERT INTO `college` VALUES ('17', '经济与管理学院');

-- ----------------------------
-- Table structure for `dept`
-- ----------------------------
DROP TABLE IF EXISTS `dept`;
CREATE TABLE `dept` (
  `dept_id` int(128) NOT NULL AUTO_INCREMENT,
  `dept_name` varchar(255) NOT NULL,
  `college_id` int(128) NOT NULL,
  PRIMARY KEY (`dept_id`)
) ENGINE=InnoDB AUTO_INCREMENT=83 DEFAULT CHARSET=utf8;

-- ----------------------------
-- Records of dept
-- ----------------------------
INSERT INTO `dept` VALUES ('3', '计算机科学与技术（师范）', '6');
INSERT INTO `dept` VALUES ('4', '计算机科学与技术', '6');
INSERT INTO `dept` VALUES ('5', '软件工程', '6');
INSERT INTO `dept` VALUES ('6', '计算机科学与技术（金融信息服务方向）', '6');
INSERT INTO `dept` VALUES ('7', '物联网工程', '6');
INSERT INTO `dept` VALUES ('8', '化学（师范）', '1');
INSERT INTO `dept` VALUES ('9', '应用化学', '1');
INSERT INTO `dept` VALUES ('10', '高分子材料与工程', '1');
INSERT INTO `dept` VALUES ('11', '制药工程', '1');
INSERT INTO `dept` VALUES ('12', '化学（实验班）', '1');
INSERT INTO `dept` VALUES ('13', '临床医学', '5');
INSERT INTO `dept` VALUES ('14', '口腔医学', '5');
INSERT INTO `dept` VALUES ('15', '护理学', '5');
INSERT INTO `dept` VALUES ('16', '公共事业管理（卫生事业管理）', '5');
INSERT INTO `dept` VALUES ('17', '药学', '5');
INSERT INTO `dept` VALUES ('18', '预防医学', '5');
INSERT INTO `dept` VALUES ('19', '公共事业管理（健康管理方向）', '5');
INSERT INTO `dept` VALUES ('20', '思想政治教育（师范）', '15');
INSERT INTO `dept` VALUES ('21', '社会工作', '15');
INSERT INTO `dept` VALUES ('22', '美术学（师范）', '4');
INSERT INTO `dept` VALUES ('23', '绘画', '4');
INSERT INTO `dept` VALUES ('24', '公共艺术', '4');
INSERT INTO `dept` VALUES ('25', '视觉传达艺术', '4');
INSERT INTO `dept` VALUES ('26', '环境设计', '4');
INSERT INTO `dept` VALUES ('27', '书法学', '4');
INSERT INTO `dept` VALUES ('28', '体育教育（师范）', '12');
INSERT INTO `dept` VALUES ('29', '休闲体育', '12');
INSERT INTO `dept` VALUES ('30', '\r\n武术与民族传统体育（师范）', '12');
INSERT INTO `dept` VALUES ('31', '数学与应用数学（师范）', '8');
INSERT INTO `dept` VALUES ('32', '信息与计算科学', '8');
INSERT INTO `dept` VALUES ('33', '物理学（师范）', '8');
INSERT INTO `dept` VALUES ('34', '科学教育（师范）', '8');
INSERT INTO `dept` VALUES ('35', '地理信息科学', '8');
INSERT INTO `dept` VALUES ('36', '应用统计学\r\n', '8');
INSERT INTO `dept` VALUES ('37', '旅游管理', '17');
INSERT INTO `dept` VALUES ('38', '会展经济与管理', '17');
INSERT INTO `dept` VALUES ('39', '经济学', '17');
INSERT INTO `dept` VALUES ('40', '金融工程', '17');
INSERT INTO `dept` VALUES ('41', '小学教育（师范）', '14');
INSERT INTO `dept` VALUES ('42', '学前教育（师范）', '14');
INSERT INTO `dept` VALUES ('43', '特殊教育（师范）', '14');
INSERT INTO `dept` VALUES ('44', '教育技术学（师范）', '14');
INSERT INTO `dept` VALUES ('45', '应用心理学\r\n', '14');
INSERT INTO `dept` VALUES ('46', '艺术教育（师范）', '13');
INSERT INTO `dept` VALUES ('47', '音乐学（师范）', '13');
INSERT INTO `dept` VALUES ('48', '舞蹈学（师范）', '13');
INSERT INTO `dept` VALUES ('49', '电子商务', '9');
INSERT INTO `dept` VALUES ('50', '市场营销（网络营销方向）', '9');
INSERT INTO `dept` VALUES ('51', '国际商务', '9');
INSERT INTO `dept` VALUES ('52', '物流管理', '9');
INSERT INTO `dept` VALUES ('53', '电子商务（新疆班）', '9');
INSERT INTO `dept` VALUES ('54', '生物科学（师范）', '7');
INSERT INTO `dept` VALUES ('55', '生物技术', '7');
INSERT INTO `dept` VALUES ('56', '食品质量与安全', '7');
INSERT INTO `dept` VALUES ('57', '环境工程', '7');
INSERT INTO `dept` VALUES ('58', '文科综合-汉语言文学（师范）', '2');
INSERT INTO `dept` VALUES ('59', '文科综合-英语（师范）', '2');
INSERT INTO `dept` VALUES ('60', '理科综合-数学与应用数学（师范）', '2');
INSERT INTO `dept` VALUES ('61', '法学', '16');
INSERT INTO `dept` VALUES ('62', '知识产权', '16');
INSERT INTO `dept` VALUES ('63', '汉语言文学（师范）', '11');
INSERT INTO `dept` VALUES ('64', '汉语言文学', '11');
INSERT INTO `dept` VALUES ('65', '历史学（师范）', '11');
INSERT INTO `dept` VALUES ('66', '人文教育（师范）', '11');
INSERT INTO `dept` VALUES ('67', '汉语国际教育', '11');
INSERT INTO `dept` VALUES ('68', '英语（师范）', '10');
INSERT INTO `dept` VALUES ('69', '英语', '10');
INSERT INTO `dept` VALUES ('70', '日语', '10');
INSERT INTO `dept` VALUES ('71', '朝鲜语', '10');
INSERT INTO `dept` VALUES ('72', '翻译', '10');
INSERT INTO `dept` VALUES ('73', '英语（实验班）', '10');
INSERT INTO `dept` VALUES ('74', '动画', '3');
INSERT INTO `dept` VALUES ('75', '文化产业管理', '3');
INSERT INTO `dept` VALUES ('76', '数字媒体艺术', '3');

-- ----------------------------
-- Table structure for `reward`
-- ----------------------------
DROP TABLE IF EXISTS `reward`;
CREATE TABLE `reward` (
  `id` int(11) NOT NULL AUTO_INCREMENT,
  `prize_name` varchar(255) NOT NULL,
  `money` varchar(11) NOT NULL,
  `is_post` int(11) NOT NULL DEFAULT '1',
  `content` text NOT NULL,
  `start_time` datetime NOT NULL,
  `end_time` datetime NOT NULL,
  `address` varchar(256) DEFAULT NULL,
  `teacher_id` varchar(256) DEFAULT NULL,
  PRIMARY KEY (`id`)
) ENGINE=InnoDB AUTO_INCREMENT=10 DEFAULT CHARSET=utf8;

-- ----------------------------
-- Records of reward
-- ----------------------------
INSERT INTO `reward` VALUES ('1', '单项奖学金', '500', '1', '单项奖学金用于奖励在某一方面取得优异成绩或有突出表\n现的学生，分道德风尚奖、学业优秀奖、创新创业奖和文体活\n动奖 4 项。每位学生最多可申请 2 项单项奖学金，已获经亨颐\n－ 5 － \n奖学金、优秀学生奖学金不再参加单项奖评选。各类单项奖学\n金的具体评选条件分别如下： \n（1）道德风尚奖 \n用于奖励在社会公益、志愿服务和校园文明创建等方面有\n突出表现的学生，或有见义勇为、拾金不昧、助人为乐等行为，\n在校内外产生较大影响，为学校赢得良好声誉的学生。 \n（2）学业优秀奖 \n用于奖励学习努力、成绩优秀的学生，要求平均学分绩点\n名次在同专业年级（或班级）前 25%。 \n（3）创新创业奖 \n用于奖励学术研究和科技创新活动取得成果，公开发表学\n术论文或在校级以上学科竞赛和创业竞赛中取得优秀成绩的学\n生。 \n（4）文体活动奖 \n用于奖励积极参加文体活动并取得校级以上优异成绩的学\n生。 \n单项奖学金一学年评选一次，评选人数（不含学业优秀奖）\n不超过评选对象总人数的 6%，获奖学生每人奖励 500 元。', '2019-11-03 12:56:00', '2020-06-18 14:25:00', '../../file/2019-11-03 12-57-02单项奖学金.docx', 'teacher1');
INSERT INTO `reward` VALUES ('2', '国家奖学金', '5000', '1', '国家奖学金用于奖励我校特别优秀的在校二年级以上（含\n二年级）学生，具体评选办法另行制订。 ', '2019-11-06 12:25:00', '2020-04-23 14:30:00', '../../file/2019-11-03 12-57-53国家奖学金.docx', 'teacher2');
INSERT INTO `reward` VALUES ('3', '国家励志奖学金', '5000', '1', '国家励志奖学金用于奖励资助品学兼优的家庭经济困难学\n生，具体评选办法另行制订', '2019-11-03 12:58:00', '2020-03-18 14:55:00', '../../file/2019-11-03 12-58-35国家励志奖学金.docx', 'teacher3');
INSERT INTO `reward` VALUES ('4', '优秀学生一等奖学金', '2000', '1', '评奖学期平均学分绩点名次在同专业年级（或班级）前 20%。\n符合此条件且评奖学期代表学校参加竞赛活动，在学校认定的\n一类学科竞赛中获得省级一等奖（设特等奖的为特等奖，团队\n限排名第一者）或全国二等奖及以上（设特等奖的为特等奖和\n一等奖，团队限排名第一者）的优先。其他同等条件下,平均学\n分绩点高者优先。 ', '2019-11-06 10:25:00', '2019-11-21 14:50:00', '../../file/2019-11-03 12-59-35优秀学生一等奖学金.docx', 'admin');
INSERT INTO `reward` VALUES ('5', '优秀二等奖学金', '1200', '0', '评奖学期平均学分绩点名次在同专业年级（或班级）前 30%。\n符合此条件且评奖学期代表学校参加竞赛活动，在学校认定的\n一类学科竞赛中获得省级二等奖及以上（设特等奖的为特等奖\n和一等奖，团队限排名第一者）或全国二等奖及以上（团队限\n排名第一者）的优先。其他同等条件下,平均学分绩点高者优先', '2019-11-03 13:00:00', '2019-11-30 19:25:00', '../../file/2019-11-03 13-00-17优秀学生二等奖学金.docx', 'teacher5');
INSERT INTO `reward` VALUES ('6', '优秀学生二等奖学金', '1200', '1', '评奖学期平均学分绩点名次在同专业年级（或班级）前 30%。\n符合此条件且评奖学期代表学校参加竞赛活动，在学校认定的\n一类学科竞赛中获得省级二等奖及以上（设特等奖的为特等奖\n和一等奖，团队限排名第一者）或全国二等奖及以上（团队限\n排名第一者）的优先。其他同等条件下,平均学分绩点高者优先', '2019-11-03 13:25:00', '2019-11-30 09:25:00', '../../file/2019-11-03 13-01-02优秀学生二等奖学金.docx', 'teacher4');
INSERT INTO `reward` VALUES ('7', '优秀学生三等奖学金', '800', '1', '评奖学期平均学分绩点名次在同专业年级（或班级）前 40%。\n符合此条件且评奖学期代表学校参加竞赛活动，在学校认定的\n一类学科竞赛中获得省级二等奖及以上（设特等奖的为特等奖\n和一等奖，团队限排名第一者）或全国二等奖及以上（团队限\n排名第一者）的优先。其他同等条件下,平均学分绩点高者优先。\n ', '2019-11-03 13:25:00', '2019-11-30 13:25:00', '../../file/2019-11-03 13-01-38优秀学生三等奖学金.docx', 'teacher2');
INSERT INTO `reward` VALUES ('8', '经亨颐奖学金 ', '15000', '1', '经亨颐奖学金是学校最高荣誉奖学金，用于奖励全校特别\n优秀的全日制学生。本科学生的经亨颐奖学金每学年评选一次，\n每次评选不超过 10 人，每人奖励 15000 元。 \n经亨颐奖学金本科学生参评者《国家学生体质健康标准》\n－ 3 － \n测试成绩良好及以上，同时须具备下列条件之一：①在德智体\n美等方面全面发展，综合素质特别优秀；大学英语六级考试 425\n分及以上，其中艺体类专业为大学英语四级考试 425 分及以上；\n至少获两次“三好学生”荣誉称号和三次优秀学生奖学金一等\n奖（含本学期学院预评通过），在学生中能起到很好的引领和示\n范作用。②在校学科竞赛委员会认定的一类学科竞赛中获得全\n国一等奖（含）以上或在学术科研方面取得显著成果者（提供\n该领域专家的认证材料），团队限排名第一者。 ', '2019-11-03 13:25:00', '2019-11-03 14:25:00', '../../file/2019-11-03 13-02-45经亨颐奖学金.docx', 'teacher3');
INSERT INTO `reward` VALUES ('9', '省政府奖学金', '8000', '1', '省政府奖学金', '2019-11-03 13:25:00', '2020-03-19 14:25:00', '../../file/2019-11-03 13-04-27省政府奖学金.docx', 'teacher1');

-- ----------------------------
-- Table structure for `reward_apply`
-- ----------------------------
DROP TABLE IF EXISTS `reward_apply`;
CREATE TABLE `reward_apply` (
  `id` int(11) NOT NULL AUTO_INCREMENT,
  `student_id` varchar(255) NOT NULL,
  `state` char(3) NOT NULL DEFAULT '待审批',
  `submit_time` datetime NOT NULL,
  `end_time` datetime DEFAULT NULL,
  `prize_id` int(11) NOT NULL,
  `content` varchar(255) NOT NULL,
  `address` varchar(256) DEFAULT NULL,
  `is_post` int(11) NOT NULL DEFAULT '1',
  PRIMARY KEY (`id`,`student_id`)
) ENGINE=InnoDB AUTO_INCREMENT=11 DEFAULT CHARSET=utf8;

-- ----------------------------
-- Records of reward_apply
-- ----------------------------
INSERT INTO `reward_apply` VALUES ('1', 'student4', '待审批', '2019-11-03 20:00:06', null, '6', 'lalallalalallaaaaaaaaaaaaaaaaaaaaaa', '../../file/2019-11-03 20-00-06main.cpp', '1');
INSERT INTO `reward_apply` VALUES ('2', 'student4', '待审批', '2019-11-03 20:01:16', null, '7', '我要申请！！！！！！！！！！！！！！！！！！', '../../file/2019-11-03 20-01-16main.cpp', '1');
INSERT INTO `reward_apply` VALUES ('3', 'student4', '待审批', '2019-11-03 20:02:26', null, '9', '我要申请！！！！！！！！！！！！！', '../../file/2019-11-03 20-02-261.txt', '1');
INSERT INTO `reward_apply` VALUES ('4', 'student4', '待审批', '2019-11-03 20:07:02', null, '7', '', '../../file/2019-11-03 20-07-02journey.out', '1');
INSERT INTO `reward_apply` VALUES ('5', 'student4', '未通过', '2019-11-03 20:07:28', '2019-11-03 20:14:00', '6', '', '../../file/2019-11-03 20-07-28journey.out', '1');
INSERT INTO `reward_apply` VALUES ('6', 'student4', '未通过', '2019-11-03 20:09:23', '2019-11-03 20:14:16', '6', '', '../../file/2019-11-03 20-09-23ddddd.layout', '1');
INSERT INTO `reward_apply` VALUES ('7', 'student4', '未通过', '2019-11-03 20:10:23', '2019-11-03 20:24:29', '6', '', '../../file/2019-11-03 20-10-23main.cpp', '1');
INSERT INTO `reward_apply` VALUES ('8', 'student4', '通过', '2019-11-03 20:10:35', '2019-11-03 20:14:25', '6', '', '../../file/2019-11-03 20-10-35ddddd.cbp', '1');
INSERT INTO `reward_apply` VALUES ('9', 'student4', '未通过', '2019-11-03 20:10:55', '2019-11-03 20:20:51', '6', '', '../../file/2019-11-03 20-10-55main.cpp', '1');
INSERT INTO `reward_apply` VALUES ('10', 'student4', '通过', '2019-11-03 20:11:38', '2019-11-03 20:22:44', '6', '', '../../file/2019-11-03 20-11-38ddddd.layout', '1');

-- ----------------------------
-- Table structure for `student`
-- ----------------------------
DROP TABLE IF EXISTS `student`;
CREATE TABLE `student` (
  `student_id` varchar(255) NOT NULL,
  `password` varchar(255) NOT NULL,
  `class` varchar(255) DEFAULT NULL,
  `is_post` int(11) NOT NULL DEFAULT '1',
  `name` varchar(255) DEFAULT NULL,
  PRIMARY KEY (`student_id`)
) ENGINE=InnoDB DEFAULT CHARSET=utf8;

-- ----------------------------
-- Records of student
-- ----------------------------
INSERT INTO `student` VALUES ('student1', '7c4a8d09ca3762af61e59520943dc26494f8941b', '1', '1', '测试学生一');
INSERT INTO `student` VALUES ('student2', '7c4a8d09ca3762af61e59520943dc26494f8941b', '81', '1', 'student2');
INSERT INTO `student` VALUES ('student3', '7c4a8d09ca3762af61e59520943dc26494f8941b', '828', '1', 'student2');
INSERT INTO `student` VALUES ('student4', '7c4a8d09ca3762af61e59520943dc26494f8941b', '583', '1', 'student4');
INSERT INTO `student` VALUES ('student5', '7c4a8d09ca3762af61e59520943dc26494f8941b', '81', '1', 'student5');
INSERT INTO `student` VALUES ('student7', '40bd001563085fc35165329ea1ff5c5ecbdbbeef', '81', '1', 'student7');

-- ----------------------------
-- Table structure for `teacher`
-- ----------------------------
DROP TABLE IF EXISTS `teacher`;
CREATE TABLE `teacher` (
  `teacher_id` varchar(255) NOT NULL,
  `password` varchar(255) NOT NULL,
  `name` varchar(255) NOT NULL,
  `college_id` int(128) NOT NULL,
  `is_post` int(11) NOT NULL DEFAULT '1',
  PRIMARY KEY (`teacher_id`)
) ENGINE=InnoDB DEFAULT CHARSET=utf8;

-- ----------------------------
-- Records of teacher
-- ----------------------------
INSERT INTO `teacher` VALUES ('admin', '7c4a8d09ca3762af61e59520943dc26494f8941b', '超级管理员', '1', '1');
INSERT INTO `teacher` VALUES ('teacher1', '7c4a8d09ca3762af61e59520943dc26494f8941b', 'teacher1', '1', '1');
INSERT INTO `teacher` VALUES ('teacher2', '7c4a8d09ca3762af61e59520943dc26494f8941b', 'teacher2', '2', '1');
INSERT INTO `teacher` VALUES ('teacher3', '7c4a8d09ca3762af61e59520943dc26494f8941b', 'teacher3', '3', '1');
INSERT INTO `teacher` VALUES ('teacher4', '7c4a8d09ca3762af61e59520943dc26494f8941b', 'teacher4', '4', '1');
INSERT INTO `teacher` VALUES ('teacher5', '7c4a8d09ca3762af61e59520943dc26494f8941b', 'teacher5', '5', '1');

-- ----------------------------
-- Procedure structure for `proc_initData`
-- ----------------------------
DROP PROCEDURE IF EXISTS `proc_initData`;
DELIMITER ;;
CREATE DEFINER=`root`@`localhost` PROCEDURE `proc_initData`()
BEGIN
    DECLARE i INT DEFAULT 3;
    WHILE i<=76 DO
        INSERT INTO class(class_name,dept_id) VALUES(161,i),(162,i),(163,i),(164,i),(171,i),(172,i),(173,i),(174,i),(181,i),(182,i),(183,i),(184,i),(191,i),(192,i),(193,i),(194,i);
        SET i = i+1;
    END WHILE;
END
;;
DELIMITER ;
